{"Ares": {"status": 1.0, "meanHttpTime": 332.76192307692304, "meanPingTime": 42.323076923076925}, "Streaming Video (Samvera)": {"status": 1.0, "meanHttpTime": 295.1292307692308, "meanPingTime": 41.93846153846153}, "Repository (Samvera)": {"status": 1.0, "meanHttpTime": 114.83807692307693, "meanPingTime": 42.361538461538466}, "Illiad": {"status": 1.0, "meanHttpTime": 305.71299999999997, "meanPingTime": 42.12307692307692}, "local": {"status": 1.0, "meanHttpTime": 2.845615384615385, "meanPingTime": 0.011307692307692307}, "Classic Catalog": {"status": 1.0, "meanHttpTime": 109.32776923076923, "meanPingTime": 41.88461538461537}}