{"local": {"meanHttpTime": 1.6673888888888888, "meanPingTime": 0.0145, "status": 0.6111111111111112}, "Ares": {"meanHttpTime": 319.5296666666667, "meanPingTime": 42.20555555555555, "status": 1.0}, "Illiad": {"meanHttpTime": 340.3537777777778, "meanPingTime": 42.32777777777778, "status": 1.0}, "Classic Catalog": {"meanHttpTime": 107.10022222222221, "meanPingTime": 41.92222222222222, "status": 1.0}, "Repository (Samvera)": {"meanHttpTime": 227.0622222222222, "meanPingTime": 42.07777777777778, "status": 1.0}, "Streaming Video (Samvera)": {"meanHttpTime": 287.26138888888886, "meanPingTime": 41.97222222222222, "status": 1.0}}