{"Classic Catalog": {"meanHttpTime": 107.9412105263158, "status": 1.0, "meanPingTime": 41.92105263157894}, "Ares": {"meanHttpTime": 328.20200000000006, "status": 1.0, "meanPingTime": 42.089473684210525}, "Streaming Video (Samvera)": {"meanHttpTime": 290.78942105263155, "status": 1.0, "meanPingTime": 41.94736842105262}, "local": {"meanHttpTime": 2.5785789473684213, "status": 0.9473684210526315, "meanPingTime": 0.016631578947368424}, "Repository (Samvera)": {"meanHttpTime": 220.2702105263158, "status": 1.0, "meanPingTime": 42.078947368421055}, "Illiad": {"meanHttpTime": 337.6962105263158, "status": 1.0, "meanPingTime": 42.305263157894736}}