{"local": {"meanHttpTime": 0.9165, "meanPingTime": 0.013888888888888888, "status": 0.3333333333333333}, "Ares": {"meanHttpTime": 307.9823333333333, "meanPingTime": 42.261111111111106, "status": 0.9}, "Illiad": {"meanHttpTime": 318.6686666666667, "meanPingTime": 42.22777777777778, "status": 1.0}, "Classic Catalog": {"meanHttpTime": 100.4365, "meanPingTime": 41.93888888888889, "status": 1.0}, "Repository (Samvera)": {"meanHttpTime": 170.62633333333332, "meanPingTime": 42.07222222222222, "status": 1.0}, "Streaming Video (Samvera)": {"meanHttpTime": 287.1667222222222, "meanPingTime": 41.96111111111111, "status": 0}}
